Stadtteil;B_Bev;B_Bev18;B_Bev18_rel;B_Bev65;B_Bev65_rel;B_BevAusl;B_BevAusl_rel;B_BevMigr;B_BevMigr_rel;B_BevMigr18;B_BevMigr18_rel;H_Haushalt;H_HaushaltPers;H_EinpersHaushalte;H_EinpersHaushalte_rel;H_KindHaushalte;H_KindHaushalte_rel;H_Alleinerziehende;H_Alleinerziehende_rel;F_Flaeche;F_BevDichte;E_Geburten;E_Sterbefaelle;E_Zuzuege;E_Fortzuege;E_WanderungsSaldo;A_SozVersBeschaeftigte;A_Beschaeftigte_rel;A_Arbeitslose;A_Arbeitslose_rel;A_JungeArbeitslose;A_JungeArbeitslose_rel;A_AlteArbeitslose;A_AlteArbeitslose_rel;L_LeistungsemSGB;L_LeistungsemSGB_rel;L_Mindestsich15;L_Mindestsich15_rel;L_BedarfsgemSGB;L_Grundsich65;L_Grundsich65_rel;W_Wohngebaeude;W_Wohnungen;W_WohnungenBezugsf;W_WohnungenEinZweiFH;W_WohnungenEinZweiFH_rel;W_Wohnungsgroesse;W_WohnflaecheEinw;W_Sozialwohnungen;W_Sozialwohnungen_rel;W_SozialwohnungenBindungsauslauf;W_SozialwohnungenBindungsauslauf_rel;W_PreiseGrundstuecke;W_PreiseEinZweiFH;W_PreiseEigentumsW;VS_Kindergaerten;VS_Grundschulen;VS_SchuelerSek1;VS_SchuelerStadtteilschulen_rel;VS_SchuelerGymnasien_rel;VA_Aerzte;VA_Allgemeinaerzte;VA_Zahnaerzte;VA_Apotheken;P_PrivatePKW;P_PKWDichte;P_ElektroPKW
Hamburg-Altstadt;2272;277;12.2;245;10.8;499;22.0;962;42.4;173;62.5;1481;1.6;927;62.6;184;12.4;46;25.0;1.3;1747;29;15;345;373;-28;1274;71.7;80;4.5;;;;;221;9.7;66;26.5;112;37;15.1;99;1346;0;17;1.3;73.4;43.5;160;11.9;47;29.4;;;4838;1;0;61;42.6;49.2;181;48;50;9;636;280;83
HafenCity;4592;908;19.8;424;9.2;1318;28.7;2101;45.8;594;65.8;2121;2.1;798;37.6;513;24.2;79;15.4;2.4;1893;72;7;1614;694;920;1729;51.7;144;4.3;22;4.5;;;493;10.7;177;21.5;187;15;3.5;99;1899;421;5;0.3;88.8;36.7;64;3.4;0;0.0;;;7874;5;1;169;52.7;42.6;13;5;7;1;1161;253;58
Neustadt;12920;1449;11.2;1859;14.4;2636;20.4;4737;36.8;732;50.6;8877;1.5;6163;69.4;1011;11.4;279;27.6;2.3;5712;156;76;1864;1691;173;5908;60.3;490;5.0;17;1.6;82;5.6;984;7.6;160;12.6;668;308;16.6;646;7548;63;68;0.9;63.0;36.8;1292;17.1;596;46.1;;;;12;1;374;45.5;51.1;194;16;76;9;3109;241;270
St. Pauli;22436;2985;13.3;2182;9.7;4790;21.3;8254;36.7;1443;48.2;15127;1.5;10482;69.3;1975;13.1;632;32.0;2.2;10005;266;143;2656;2765;-109;9591;54.3;1207;6.8;56;3.0;184;8.2;2878;12.8;610;23.6;1848;573;26.3;1283;12507;26;172;1.4;64.3;35.8;1654;13.2;248;15.0;1488;;5808;18;1;805;52.8;40.6;41;12;16;7;4377;195;20
St. Georg;11384;1146;10.1;1496;13.1;2704;23.8;4521;39.7;612;53.2;7359;1.5;4944;67.2;752;10.2;180;23.9;1.8;6246;112;89;2074;1737;337;4986;56.0;378;4.2;20;1.6;73;5.7;797;7.0;134;13.5;529;258;17.2;547;6240;210;58;0.9;71.1;39.0;755;12.1;268;35.5;2489;;5998;8;1;297;40.1;56.6;98;32;15;7;2306;203;21
Hammerbrook;4323;471;10.9;143;3.3;1855;42.9;2568;59.8;398;85.8;2161;1.6;1328;61.5;222;10.3;59;26.6;2.5;1732;53;5;1622;1216;406;2183;58.1;266;7.1;33;3.8;26;11.5;695;16.1;174;41.3;431;39;27.3;87;1890;13;6;0.3;57.0;24.9;219;11.6;0;0.0;971;;;5;0;124;61.3;25.8;0;0;12;0;578;134;122
Borgfelde;7696;819;10.6;917;11.9;2314;30.1;3521;45.6;581;71.2;4479;1.5;3074;68.6;422;9.4;114;27.0;0.8;9364;79;49;1655;1601;54;3520;58.0;273;4.5;35;2.7;43;6.3;902;11.7;237;33.1;505;143;15.6;379;4360;3;43;1.0;55.6;31.5;192;4.4;34;17.7;755;;4538;3;0;216;60.6;35.2;3;2;4;1;1631;212;3
Hamm;38773;4472;11.5;5284;13.6;7068;18.2;13930;35.9;2781;62.2;26215;1.5;17865;68.1;2870;10.9;856;29.8;3.9;9970;469;321;4837;4894;-57;19557;66.1;1440;4.9;82;2.1;230;6.0;3762;9.7;928;23.7;2178;616;11.7;2317;23348;61;259;1.1;58.7;35.4;1194;5.1;65;5.4;446;;3675;15;2;1212;56.7;38.8;23;11;31;7;10190;263;24
Horn;38799;6018;15.5;5951;15.3;10155;26.2;20218;51.9;4487;74.7;23018;1.7;13773;59.8;3611;15.7;1180;32.7;5.9;6579;450;404;4815;4590;225;15952;57.5;1864;6.7;142;2.8;303;7.0;6256;16.1;1804;35.2;3240;832;14.0;2769;19398;60;1003;5.2;60.9;30.5;1610;8.3;147;9.1;425;;3234;14;5;1869;65.2;30.1;38;21;14;5;10171;262;6
Billstedt;70355;13545;19.3;12739;18.1;17987;25.6;41083;58.3;10397;76.9;35194;2.0;16585;47.1;7722;21.9;2390;31.0;16.9;4157;814;649;5326;5573;-247;25414;54.8;3579;7.7;326;3.9;577;6.4;13997;19.9;4218;37.4;6542;1899;14.9;7985;31671;40;6286;19.8;72.4;32.6;7390;23.3;3697;50.0;445;3223;3040;28;8;4446;67.5;28.8;91;44;36;10;21723;309;14
Billbrook;1992;629;31.6;103;5.2;1539;77.3;1735;85.4;617;97.9;534;1.4;414;77.5;36;6.7;12;33.3;6.3;317;31;16;666;709;-43;613;45.2;178;13.1;16;5.2;22;12.5;1029;51.7;401;75.2;365;27;26.2;83;284;0;72;25.4;65.8;9.4;0;0.0;0;0.0;275;;;1;0;209;83.7;9.1;0;0;0;0;295;148;10
Rothenburgsort;9268;1592;17.2;1325;14.3;2623;28.3;5220;56.4;1249;79.6;5262;1.8;3116;59.2;893;17.0;302;33.8;7.2;1289;111;113;1185;1114;71;3702;56.5;491;7.5;34;3.2;87;8.0;1729;18.7;511;36.9;867;217;16.4;529;4580;104;137;3.0;60.9;30.1;961;21.0;225;23.4;308;;3891;4;1;483;67.7;25.3;6;5;6;2;2342;253;21
Veddel;4632;902;19.5;387;8.4;2109;45.5;3434;73.6;831;92.4;2501;1.9;1418;56.7;501;20.0;136;27.1;4.4;1060;43;15;504;577;-73;1900;54.5;300;8.6;23;3.2;37;10.3;1085;23.4;328;43.4;491;92;23.8;210;2040;0;14;0.7;61.0;26.8;413;20.2;98;23.7;290;;;2;1;333;80.5;16.5;3;3;2;1;784;169;9
Wilhelmsburg;54068;11147;20.6;7292;13.5;17408;32.2;32683;60.4;8676;78.2;26346;2.0;13072;49.6;6005;22.8;1555;25.9;35.4;1528;743;461;4481;4655;-174;20301;54.3;3125;8.4;295;4.2;412;7.4;11154;20.6;3516;37.5;5008;966;13.2;4670;22714;106;3188;14.0;69.7;29.3;5251;23.1;657;12.5;267;3123;3550;26;7;3640;69.3;23.3;70;37;22;9;13695;253;45
Kleiner Grasbrook und Steinwerder;1239;74;6.0;63;5.1;469;37.9;636;50.7;68;89.5;987;1.3;769;77.9;40;4.1;17;42.5;11.9;104;9;6;367;377;-10;595;53.3;77;6.9;10;3.3;14;13.3;167;13.5;29;48.3;115;20;31.7;70;735;-1;2;0.3;50.6;30.0;0;0.0;0;0.0;;;;0;0;20;65.0;35.0;0;0;0;0;130;105;18
Waltershof und Finkenwerder;11808;1898;16.1;2304;19.5;2057;17.4;3628;30.8;916;48.3;6340;1.9;3224;50.9;1164;18.4;323;27.7;29.4;401;130;112;850;835;15;4972;62.8;378;4.8;36;2.8;86;5.0;1056;8.9;300;18.9;560;127;5.5;2300;5781;4;1916;33.1;75.5;37.0;575;9.9;114;19.8;337;2642;;5;2;574;56.6;41.3;9;6;7;3;4416;374;19
Altona-Altstadt;29305;4441;15.2;3806;13.0;5761;19.7;11178;38.1;2321;52.2;18032;1.7;11255;62.4;2908;16.1;894;30.7;2.7;10782;328;260;3417;3499;-82;12580;58.1;1526;7.0;90;3.4;254;8.0;3526;12.0;802;20.8;2125;603;15.8;1618;16434;121;187;1.1;63.4;35.5;2320;14.1;636;27.4;1689;;5798;27;3;1277;53.6;41.0;199;50;42;9;6716;229;29
Sternschanze;8095;1175;14.5;844;10.4;1609;19.9;2947;36.4;590;50.1;5260;1.6;3569;67.9;776;14.8;242;31.2;0.5;14760;116;100;1152;1187;-35;3458;55.4;341;5.5;21;3.0;48;7.0;847;10.5;205;20.2;484;125;14.8;499;4309;4;80;1.9;68.3;36.3;456;10.6;77;16.9;1488;;6405;4;1;313;49.8;43.5;37;6;4;3;1462;181;6
Altona-Nord;24153;3981;16.5;2420;10.0;4482;18.6;8851;36.7;2016;51.0;14394;1.7;8784;61.0;2498;17.4;661;26.5;2.2;10890;386;110;4019;3072;947;10793;59.3;1102;6.1;63;2.9;179;7.3;2634;10.9;660;18.7;1540;339;14.0;1194;12623;539;131;1.0;64.2;33.6;1410;11.2;327;23.2;1325;;5798;16;2;984;55.7;38.1;35;6;6;4;5355;222;7
Ottensen;35585;5578;15.7;4954;13.9;4661;13.1;9553;26.9;1959;35.2;21743;1.7;13360;61.4;3700;17.0;1013;27.4;2.8;12731;446;244;3874;3982;-108;15345;59.6;1101;4.3;56;1.8;218;5.2;2112;5.9;395;8.1;1410;391;7.9;2405;19662;70;418;2.1;70.6;39.0;1086;5.5;608;56.0;1829;;6370;34;2;1609;41.6;52.2;175;28;62;9;9543;268;25
Bahrenfeld;29976;5011;16.7;3937;13.1;6231;20.8;10382;34.7;2395;47.9;16892;1.7;9906;58.6;2958;17.5;737;24.9;10.5;2844;399;255;4025;5299;-1274;12992;59.7;1282;5.9;120;3.9;202;6.4;3433;11.5;835;19.5;2055;356;9.0;3542;14596;107;2305;15.8;69.8;34.0;372;2.5;0;0.0;771;4917;4209;29;3;1433;55.2;40.3;37;13;23;3;8584;286;42
Groß Flottbek;11086;2232;20.1;2352;21.2;1450;13.1;2545;23.0;640;28.9;5267;2.1;2282;43.3;1301;24.7;190;14.6;2.4;4676;102;116;1340;1279;61;3442;50.0;103;1.5;;;36;2.9;97;0.9;13;0.7;68;33;1.4;2450;5264;11;2212;42.0;104.3;49.5;36;0.7;6;16.7;1287;6625;4818;7;1;698;12.2;84.1;72;13;22;5;4707;425;14
Othmarschen;15591;3147;20.2;3225;20.7;1915;12.3;3972;25.6;1118;35.7;7306;2.1;3032;41.5;1835;25.1;266;14.5;5.9;2622;198;157;1846;1611;235;4904;51.0;223;2.3;10;0.7;38;2.3;417;2.7;135;4.9;190;50;1.6;2764;7358;338;2363;32.1;110.4;52.1;157;2.1;0;0.0;1521;7458;5698;13;3;864;14.9;81.1;40;8;9;2;6727;431;50
Lurup;36695;7437;20.3;6740;18.4;7617;20.8;17858;48.7;4963;67.0;17819;2.0;8065;45.3;4214;23.6;1192;28.3;6.3;5832;410;366;3419;2872;547;13563;57.2;1609;6.8;148;3.7;239;5.3;6114;16.7;2013;32.2;2805;707;10.5;5514;16309;320;5259;32.2;77.4;34.4;1879;11.5;229;12.2;507;3599;3454;23;4;2353;62.9;33.6;29;16;13;5;11817;322;15
Osdorf;26635;5490;20.6;5814;21.8;4918;18.5;10998;41.3;3180;58.1;13179;2.0;6133;46.5;3056;23.2;870;28.5;7.3;3673;272;331;2471;2165;306;8834;54.5;938;5.8;68;2.5;143;4.5;3691;13.9;1213;26.2;1701;493;8.5;4066;12655;71;3365;26.6;84.6;40.2;1224;9.7;711;58.1;893;5387;3151;14;4;1844;49.3;44.1;71;18;17;6;9129;343;26
Nienstedten;7274;1427;19.6;1859;25.6;762;10.5;1471;20.2;405;28.3;3549;2.1;1550;43.7;831;23.4;120;14.4;4.4;1661;49;99;730;684;46;1857;43.7;67;1.6;;;13;1.4;43;0.6;6;0.5;32;11;0.6;1828;3258;16;1727;53.0;124.6;55.8;0;0.0;0;0.0;1356;7979;6190;7;1;515;13.2;76.3;17;1;7;2;3676;505;13
Blankenese;13686;2532;18.5;3758;27.5;1305;9.5;2561;18.7;663;26.3;7082;2.0;3219;45.5;1464;20.7;262;17.9;7.7;1769;108;107;1405;1163;242;3747;47.9;148;1.9;10;0.8;39;2.4;162;1.2;32;1.5;109;54;1.4;3424;6898;45;3126;45.3;117.4;59.2;48;0.7;0;0.0;1709;7578;5193;8;1;872;18.8;77.6;111;23;24;5;6666;487;20
Iserbrook;11369;2064;18.2;2872;25.3;986;8.7;2535;22.3;702;34.1;5681;2.0;2589;45.6;1246;21.9;283;22.7;2.7;4258;93;153;1005;1007;-2;3976;58.7;251;3.7;17;1.7;59;3.9;563;5.0;140;8.1;325;121;4.2;2511;5735;38;2340;40.8;84.1;42.4;132;2.3;0;0.0;662;4037;3913;9;3;666;41.0;52.9;8;6;5;1;4608;405;8
Sülldorf;9489;1839;19.4;1936;20.4;1201;12.7;2316;24.4;595;32.3;4521;2.0;2087;46.2;1019;22.5;218;21.4;5.7;1654;81;85;1005;1064;-59;3217;53.3;263;4.4;22;2.1;57;4.7;701;7.4;164;10.8;424;94;4.9;2425;4459;29;2283;51.2;91.2;42.8;210;4.7;47;22.4;813;4389;3810;2;1;610;38.0;56.6;15;7;4;2;3706;391;7
Rissen;15763;3023;19.2;4628;29.4;1640;10.4;3218;20.4;1006;33.4;7903;2.0;3557;45.0;1736;22.0;315;18.1;16.7;944;114;238;1620;1010;610;4580;53.1;288;3.3;18;1.3;61;3.3;839;5.3;288;11.5;370;160;3.5;3800;7714;272;3520;45.6;99.8;48.8;178;2.3;170;95.5;691;4826;3853;8;2;1016;34.4;62.5;33;9;16;4;6767;429;17
Eimsbüttel;58196;7446;12.8;7368;12.7;6962;12.0;13815;23.7;2425;32.6;39070;1.5;26307;67.3;5050;12.9;1242;24.6;3.2;18042;749;348;7230;7017;213;28018;63.4;1530;3.5;65;1.4;250;4.2;2380;4.1;401;6.0;1683;709;9.6;3264;34348;113;309;0.9;63.9;37.7;646;1.9;228;35.3;1786;;5341;63;6;1921;32.3;61.7;290;32;63;13;14877;256;30
Rotherbaum;16875;2252;13.3;2681;15.9;2894;17.1;5157;30.5;844;37.5;10964;1.6;7122;65.0;1435;13.1;305;21.3;2.7;6169;187;90;2666;2641;25;6500;53.1;312;2.5;;;63;3.5;421;2.5;68;3.5;298;170;6.3;1206;10023;43;332;3.3;83.1;49.4;79;0.8;79;100.0;4227;;7683;16;1;639;15.0;82.3;137;19;47;6;5382;319;37
Harvestehude;17944;2715;15.1;3729;20.8;2305;12.8;4775;26.6;922;34.1;10960;1.7;6530;59.6;1694;15.5;345;20.4;2.1;8751;177;136;2152;2202;-50;6037;50.7;339;2.8;16;1.0;68;3.1;520;2.9;86;3.7;367;230;6.2;1352;10190;154;534;5.2;96.1;54.6;43;0.4;13;30.2;4639;;8634;19;0;823;17.3;80.0;151;13;46;5;6894;384;39
Hoheluft-West;13438;1674;12.5;1852;13.8;1478;11.0;2907;21.6;474;28.4;9005;1.5;5949;66.1;1181;13.1;278;23.5;0.7;18676;171;98;1895;1874;21;6511;64.3;299;3.0;13;1.2;65;4.9;331;2.5;44;3.0;260;102;5.5;803;8022;4;108;1.3;66.4;39.6;12;0.1;0;0.0;2124;;5807;9;1;430;24.4;71.6;27;7;11;3;3613;269;9
Lokstedt;28793;4837;16.8;5842;20.3;3985;13.8;8590;29.8;2042;42.3;15731;1.8;8562;54.4;2980;18.9;597;20.0;4.9;5881;343;325;3522;3226;296;11530;61.5;667;3.6;49;1.7;119;4.0;1724;6.0;424;10.1;926;409;7.0;3221;15138;250;2147;14.2;74.5;39.2;180;1.2;49;27.2;819;5288;4580;23;3;1360;34.3;60.5;61;17;18;6;9562;332;25
Niendorf;40717;6270;15.4;10757;26.4;3500;8.6;8583;21.1;2120;33.9;21908;1.9;10562;48.2;3971;18.1;798;20.1;12.4;3279;353;495;3643;4404;-761;15718;63.6;716;2.9;43;1.2;178;3.3;1345;3.3;299;5.7;817;333;3.1;8585;20957;144;7411;35.4;85.9;44.2;307;1.5;120;39.1;622;4418;3335;20;5;2011;35.3;62.7;93;27;37;8;17437;428;36
Schnelsen;29300;5489;18.7;5960;20.3;3774;12.9;9193;31.4;2561;46.8;14472;2.0;6382;44.1;3276;22.6;807;24.6;9.0;3273;283;293;3001;3208;-207;11448;61.0;815;4.3;61;1.9;146;3.8;2514;8.6;828;18.1;1148;331;5.6;5895;13756;345;5365;39.0;88.6;41.6;1713;12.5;602;35.1;562;3743;3146;25;4;1759;54.9;42.0;53;15;26;6;12197;416;20
Eidelstedt;33421;5716;17.1;7176;21.5;6186;18.5;12743;38.1;3338;58.6;17445;1.9;8661;49.6;3314;19.0;837;25.3;8.7;3832;337;373;3772;2895;877;12776;59.8;1056;4.9;106;3.2;164;4.0;3571;10.7;1044;21.4;1778;554;7.7;5125;16011;98;4422;27.6;75.4;36.1;1307;8.2;446;34.1;530;3719;3209;10;5;1650;57.2;39.5;54;15;21;6;11560;346;14
Stellingen;26185;3747;14.3;4827;18.4;5024;19.2;9052;34.6;1874;50.3;14791;1.7;8511;57.5;2290;15.5;532;23.2;6.1;4300;308;279;4018;3640;378;11247;62.3;846;4.7;76;2.8;145;5.1;1963;7.5;472;14.3;1201;338;7.0;2801;14062;232;1691;12.0;69.7;37.4;172;1.2;82;47.7;570;4470;3884;11;3;966;44.0;49.3;37;12;9;3;8202;313;25
Hoheluft-Ost;9796;1307;13.3;1543;15.8;1054;10.8;2226;22.7;391;30.0;6349;1.6;3965;62.5;910;14.3;209;23.0;0.6;17323;161;44;1272;1214;58;4441;62.5;176;2.5;;;35;3.2;290;3.0;41;3.6;223;108;7.0;630;6008;74;93;1.5;73.2;44.9;106;1.8;0;0.0;2565;;5807;6;1;319;19.7;78.4;202;48;21;3;3071;313;6
Eppendorf;24868;3446;13.9;4604;18.5;2462;9.9;5263;21.2;1016;29.6;15407;1.6;9534;61.9;2248;14.6;462;20.6;2.7;9316;350;208;3104;3084;20;10703;62.2;389;2.3;;;78;3.0;489;2.0;58;1.9;376;343;7.5;1637;14212;60;374;2.6;80.1;45.8;625;4.4;110;17.6;2905;7349;6296;13;3;916;18.4;78.4;162;28;46;10;7898;318;26
Groß Borstel;8734;1471;16.8;1809;20.7;1477;16.9;2521;28.9;584;39.9;4812;1.8;2691;55.9;817;17.0;199;24.4;4.0;2191;89;91;1912;1702;210;3207;56.4;230;4.0;15;1.7;48;4.3;581;6.7;127;10.3;377;174;9.6;1758;4452;9;1583;35.6;75.0;38.2;244;5.5;120;49.2;636;4812;3871;8;1;459;37.7;59.0;4;4;5;2;3165;362;14
Alsterdorf;15174;2560;16.9;2865;18.9;2055;13.5;4212;27.8;1073;42.1;8109;1.8;4413;54.4;1467;18.1;339;23.1;3.2;4809;193;196;1873;1725;148;5741;56.8;314;3.1;21;1.3;54;3.1;1033;6.8;337;15.4;504;153;5.3;2001;7823;97;1310;16.7;77.6;40.0;474;6.1;35;7.4;1018;6377;4709;11;0;737;38.3;57.0;38;8;9;5;5271;347;19
Winterhude;55900;7003;12.5;8155;14.6;6821;12.2;13681;24.4;2496;35.7;35932;1.6;23344;65.0;4670;13.0;1028;22.0;7.6;7370;715;383;7405;7455;-50;26703;64.3;1277;3.1;87;1.7;223;3.9;2232;4.0;413;6.7;1483;518;6.4;3671;33111;252;731;2.2;70.0;41.4;640;1.9;59;9.2;3277;6615;5878;42;5;1690;40.4;57.2;231;42;81;14;17638;316;61
Uhlenhorst;18736;2546;13.6;3505;18.7;2293;12.2;4864;26.0;1044;41.1;11642;1.6;7243;62.2;1622;13.9;293;18.1;2.2;8592;235;221;2823;2143;680;7924;61.2;348;2.7;17;1.3;60;3.0;482;2.6;96;4.2;318;173;4.9;1247;10864;135;297;2.7;79.1;45.8;179;1.6;0;0.0;3685;;6890;10;1;599;25.7;72.0;98;23;18;4;6385;341;27
Hohenfelde;10143;1288;12.7;1563;15.4;2057;20.3;3829;37.7;765;59.6;6426;1.5;4258;66.3;725;11.3;143;19.7;1.2;8784;143;104;1839;1781;58;4523;60.8;301;4.0;19;1.8;38;3.9;797;7.9;213;18.6;424;133;8.5;697;5809;41;151;2.6;67.7;38.7;89;1.5;0;0.0;1823;;4853;4;0;288;41.7;54.9;30;11;14;2;2734;270;10
Barmbek-Süd;35438;3760;10.6;4939;13.9;4845;13.7;9839;27.7;1734;46.3;24182;1.5;16652;68.9;2598;10.7;710;27.3;3.1;11462;428;330;5012;4919;93;18385;67.7;1065;3.9;72;2.2;187;5.4;2284;6.4;431;12.9;1528;469;9.5;2121;22242;101;117;0.5;59.2;37.2;715;3.2;0;0.0;1007;;4695;26;2;917;52.6;44.6;56;21;25;7;9983;282;37
Dulsberg;17429;2148;12.3;2199;12.6;3848;22.1;7640;43.9;1554;72.7;12045;1.5;8610;71.5;1344;11.2;566;42.1;1.2;14218;176;138;2260;2308;-48;8325;62.0;1025;7.6;85;4.1;182;9.8;2890;16.6;718;39.7;1681;452;20.6;1075;10760;17;40;0.4;53.3;32.9;873;8.1;369;42.3;917;;3415;8;1;686;72.6;24.3;25;7;8;3;3870;222;5
Barmbek-Nord;41886;4342;10.4;5471;13.1;5716;13.6;11703;27.9;2081;48.0;29250;1.5;20573;70.3;3007;10.3;835;27.8;3.9;10876;550;393;5664;5832;-168;22189;68.1;1585;4.9;112;2.8;244;5.7;3404;8.1;623;16.2;2314;592;10.8;2686;26754;46;278;1.0;56.7;36.2;1243;4.6;151;12.1;964;;4326;13;2;1028;59.7;36.8;106;30;42;11;11131;266;24
Ohlsdorf;16463;2737;16.6;2649;16.1;2015;12.2;4101;24.9;966;35.2;9277;1.8;5166;55.7;1681;18.1;348;20.7;7.2;2299;202;147;1910;1999;-89;6934;60.8;446;3.9;34;2.3;78;4.1;1083;6.6;263;10.9;646;114;4.3;2406;8692;378;1688;19.4;73.2;38.6;527;6.1;0;0.0;752;5069;3751;12;1;822;50.1;47.3;14;7;6;4;5631;342;14
Fuhlsbüttel;13384;2298;17.2;2513;18.8;2269;17.0;3657;27.3;999;43.7;7351;1.8;4009;54.5;1320;18.0;305;23.1;7.8;1722;125;123;2251;1561;690;5477;61.6;392;4.4;34;2.5;61;4.0;1323;9.9;445;22.6;617;158;6.3;2067;6854;108;1514;22.1;76.6;39.2;243;3.5;64;26.3;644;4549;3201;8;2;647;39.4;56.3;25;6;17;4;4787;358;24
Langenhorn;45666;7967;17.4;8833;19.3;6600;14.5;14170;31.0;3564;44.9;23382;1.9;11323;48.4;4694;20.1;1179;25.1;13.4;3416;514;514;4663;4688;-25;18342;60.9;1341;4.5;135;2.8;247;4.2;4368;9.6;1252;18.7;2264;608;6.9;9345;21878;309;8427;38.5;75.8;36.3;1905;8.7;218;11.4;389;3227;3138;25;5;2405;53.6;42.3;87;21;22;8;16876;370;32
Eilbek;22233;2586;11.6;3288;14.8;3417;15.4;7065;31.8;1374;53.5;14607;1.5;9582;65.6;1699;11.6;411;24.2;1.8;12695;288;193;3252;3087;165;11147;66.9;670;4.0;34;1.6;120;5.3;1468;6.6;354;15.4;882;267;8.1;1567;13365;76;209;1.6;62.6;37.6;436;3.3;86;19.7;1157;;4171;13;3;635;49.8;46.5;36;12;24;3;6295;283;5
Wandsbek;36149;4907;13.6;6491;18.0;6638;18.4;13222;36.5;3041;62.0;21724;1.6;13302;61.2;2872;13.2;721;25.1;5.9;6082;405;372;4997;4683;314;16325;64.3;1231;4.8;124;3.3;200;5.0;3660;10.1;1060;24.8;1921;515;7.9;3926;20184;257;2270;11.2;64.8;36.2;930;4.6;105;11.3;563;3852;3642;16;4;1322;54.8;41.7;70;27;45;9;11484;318;27
Marienthal;13382;2014;15.1;2766;20.7;1533;11.5;3697;27.6;814;40.5;7197;1.8;3796;52.7;1261;17.5;226;17.9;3.2;4165;140;178;1727;1584;143;5372;60.3;284;3.2;22;1.5;70;4.7;598;4.5;147;8.6;354;99;3.6;2159;7080;475;1585;22.4;86.5;45.8;25;0.4;1;4.0;757;4904;3850;9;1;557;29.4;68.2;83;18;14;4;5347;400;14
Jenfeld;27084;5307;19.6;4749;17.5;7063;26.1;15687;58.0;4082;77.5;13244;2.0;6437;48.6;2868;21.7;838;29.2;5.0;5426;284;335;3151;2353;798;9066;50.7;1333;7.5;127;3.4;220;6.4;5655;20.9;1731;38.9;2595;861;18.1;2744;11404;351;2158;18.9;72.8;30.6;1400;12.3;247;17.6;489;3511;2935;19;4;1662;65.4;30.0;34;15;18;5;7728;285;3
Tonndorf;15104;2635;17.4;2692;17.8;2573;17.0;6110;40.5;1590;60.4;8263;1.9;4315;52.2;1605;19.4;385;24.0;3.9;3832;164;119;1828;1578;250;6266;61.5;511;5.0;44;2.8;105;5.9;1543;10.2;443;19.9;809;235;8.7;2340;7624;195;1788;23.5;76.3;38.5;817;10.7;74;9.1;510;3840;3185;5;1;757;56.3;39.6;19;6;10;3;5636;373;18
Farmsen-Berne;34689;6150;17.7;6790;19.6;4244;12.2;10912;31.5;2900;47.4;17930;1.9;8555;47.7;3762;21.0;1009;26.8;8.2;4217;357;395;2999;2995;4;14164;62.4;909;4.0;84;2.4;179;3.8;3355;9.7;1047;20.1;1636;455;6.7;6506;17079;230;5768;33.8;76.2;37.5;1307;7.7;70;5.4;550;3406;3116;22;4;1953;54.9;40.7;42;17;16;5;13179;380;7
Bramfeld;52498;7771;14.8;11284;21.5;6544;12.5;15778;30.1;3633;47.0;30080;1.8;16133;53.6;4979;16.6;1454;29.2;10.1;5215;516;602;4746;4492;254;21873;63.2;1559;4.5;135;2.7;309;4.3;5058;9.6;1340;20.3;2888;786;7.0;9126;28254;281;7604;26.9;71.3;38.4;1927;6.8;579;30.0;547;3629;3466;25;5;2303;52.9;43.6;71;32;39;10;20711;395;95
Steilshoop;19723;3943;20.0;3868;19.6;4820;24.4;10450;53.0;2920;74.2;9814;2.0;4583;46.7;2200;22.4;699;31.8;2.5;7894;210;200;1518;1484;34;6745;53.7;979;7.8;100;4.4;158;6.7;4550;23.1;1491;45.2;1935;510;13.2;958;8852;1;336;3.8;74.0;33.2;2853;32.2;802;28.1;504;;2970;12;3;1321;69.3;26.6;9;7;8;2;5667;287;0
Wellingsbüttel;10592;1924;18.2;2998;28.3;673;6.4;1901;17.9;507;26.2;5180;2.1;2123;41.0;1143;22.1;141;12.3;4.1;2592;82;136;1000;931;69;3191;53.2;123;2.1;;;29;2.2;134;1.3;29;1.8;89;23;0.8;2906;5236;133;2731;52.2;119.9;59.3;22;0.4;22;100.0;928;5564;4265;7;1;625;20.6;77.1;25;7;12;2;5351;505;16
Sasel;23778;4570;19.2;6092;25.6;1439;6.1;4075;17.1;1196;26.3;11177;2.2;4054;36.3;2702;24.2;368;13.6;8.4;2843;172;197;1698;1489;209;7864;56.5;238;1.7;22;1.0;65;1.9;396;1.7;95;2.5;224;80;1.3;7528;10987;94;7611;69.3;112.7;52.1;36;0.3;0;0.0;616;4164;3313;12;3;1568;29.7;67.5;32;9;12;2;12094;509;33
Poppenbüttel;23948;3961;16.5;7756;32.4;2174;9.1;5519;23.1;1520;38.5;11259;2.0;4595;40.8;2291;20.3;362;15.8;8.1;2955;203;537;2585;1607;978;7324;56.9;369;2.9;39;2.0;70;2.4;1050;4.4;309;9.3;522;125;1.6;6232;10778;130;6128;56.9;103.8;46.7;250;2.3;80;32.0;596;3839;3716;11;3;1256;31.9;64.8;128;28;46;9;10793;451;30
Hummelsbüttel;18464;3316;18.0;4502;24.4;3042;16.5;6835;37.0;1788;54.1;8784;2.0;3718;42.3;1887;21.5;490;26.0;9.1;2033;177;172;2335;1748;587;6374;57.0;625;5.6;69;3.8;112;4.7;2050;11.1;597;21.4;989;291;6.5;2805;8407;206;2247;26.7;88.3;40.2;1602;19.1;671;41.9;676;4294;3578;12;1;1063;48.1;48.4;13;8;11;2;7258;393;29
Lemsahl-Mellingstedt;6803;1346;19.8;1413;20.8;378;5.6;1148;16.8;352;26.2;3004;2.3;894;29.8;795;26.5;119;15.0;8.0;850;66;42;1000;1174;-174;2263;53.1;93;2.2;;;20;1.7;142;2.1;53;4.7;58;16;1.1;2405;2866;94;2522;88.0;131.2;55.3;39;1.4;29;74.4;564;4136;;5;1;422;33.4;63.5;3;2;1;1;3904;574;16
Duvenstedt;6220;1352;21.7;1193;19.2;492;7.9;1037;16.7;388;28.7;2600;2.3;810;31.2;728;28.0;130;17.9;6.8;917;39;55;405;411;-6;2127;53.8;91;2.3;12;1.6;19;2.1;257;4.1;106;9.9;81;19;1.6;1800;2547;19;1845;72.4;118.3;48.4;82;3.2;0;0.0;540;4257;;2;1;506;30.0;66.0;14;5;8;2;3205;515;9
Wohldorf-Ohlstedt;4662;953;20.4;1005;21.6;232;5.0;659;14.1;207;21.7;2085;2.3;657;31.5;554;26.6;76;13.7;17.3;270;35;15;365;300;65;1415;48.9;41;1.4;;;11;1.6;85;1.8;27;3.5;40;8;0.8;1547;1993;26;1594;80.0;144.0;61.5;0;0.0;0;0.0;600;4679;4476;4;1;330;21.5;69.7;0;0;4;1;2577;553;12
Bergstedt;10692;2270;21.2;2282;21.3;938;8.8;1899;17.8;638;28.1;4826;2.1;1887;39.1;1239;25.7;206;16.6;7.0;1519;90;105;858;973;-115;3623;55.4;172;2.6;12;1.1;39;2.8;570;5.3;194;10.3;242;36;1.6;2871;4611;32;2821;61.2;103.5;44.6;187;4.1;0;0.0;558;3996;2772;9;1;759;34.9;54.9;8;5;5;2;4873;456;10
Volksdorf;20863;4137;19.8;5470;26.2;1575;7.5;3611;17.3;1088;26.4;9607;2.2;3639;37.9;2338;24.3;480;20.5;11.6;1802;127;233;1785;1556;229;6221;51.5;258;2.1;24;1.1;53;1.8;687;3.3;223;6.7;331;89;1.6;5573;9131;79;5345;58.5;112.9;49.4;351;3.8;70;19.9;739;4516;3661;14;4;1527;31.9;60.2;90;29;28;4;9363;449;20
Rahlstedt;91740;16092;17.5;20371;22.2;12493;13.6;30515;33.2;7963;49.6;47056;1.9;21821;46.4;9591;20.4;2590;27.0;26.6;3453;935;1014;9551;9181;370;34849;60.2;2687;4.6;261;2.8;487;4.1;9219;10.0;2887;21.5;4464;1477;7.3;15408;44491;336;12674;28.5;81.3;39.4;3473;7.8;743;21.4;512;3573;3268;37;12;5111;52.8;41.8;158;57;64;15;36222;395;82
Lohbrügge;39809;6227;15.6;9261;23.3;5280;13.3;16138;40.5;3632;58.6;21123;1.9;10323;48.9;3878;18.4;1121;28.9;13.0;3052;341;481;3620;2825;795;15769;62.1;1176;4.6;104;2.4;234;4.5;3957;9.9;1054;20.4;2095;660;7.1;5782;20477;395;4464;21.8;74.8;38.5;1396;6.8;719;51.5;422;3088;2848;14;4;1976;56.9;40.1;45;17;26;5;14682;369;19
Bergedorf;35289;6145;17.4;7163;20.3;5001;14.2;11487;32.6;2856;46.6;18125;1.9;8894;49.1;3543;19.5;939;26.5;10.4;3407;425;387;3649;4011;-362;13913;60.6;1090;4.7;74;2.0;198;4.7;3478;9.9;1003;19.5;1829;473;6.6;5193;17209;232;4070;23.7;79.5;38.8;716;4.2;185;25.8;453;3139;3185;22;4;1959;49.0;45.7;151;38;52;11;12346;350;59
Curslack;4029;846;21.0;619;15.4;714;17.7;1099;27.3;372;44.3;1611;2.2;574;35.6;397;24.6;79;19.9;10.6;381;41;32;504;447;57;1564;57.9;105;3.9;;;14;2.4;496;12.3;199;28.0;195;21;3.4;963;1488;9;991;66.6;105.0;38.8;5;0.3;0;0.0;305;;;1;1;254;55.1;40.9;8;5;0;1;1833;455;6
Altengamme;2231;415;18.6;434;19.5;104;4.7;227;10.2;65;15.7;1014;2.2;349;34.4;252;24.9;46;18.3;15.6;143;25;23;143;156;-13;908;62.3;32;2.2;;;;;67;3.0;18;5.3;33;5;1.2;643;909;0;698;76.8;107.8;43.9;4;0.4;0;0.0;268;2435;;1;1;135;51.1;45.2;1;1;0;0;1268;568;10
Neuengamme;3742;655;17.5;773;20.7;178;4.8;391;10.4;104;15.9;1716;2.2;585;34.1;414;24.1;72;17.4;18.6;201;33;31;282;238;44;1482;60.8;61;2.5;;;14;2.4;119;3.2;36;6.8;59;8;1.0;1066;1573;38;1148;73.0;107.7;45.3;20;1.3;0;0.0;295;;;2;0;221;63.3;31.7;1;1;3;1;2045;546;2
Kirchwerder;10029;1771;17.7;1983;19.8;746;7.4;1279;12.8;337;19.1;4636;2.2;1586;34.2;1099;23.7;199;18.1;32.3;310;89;88;908;793;115;4283;65.2;134;2.0;16;1.7;28;1.9;306;3.1;94;6.4;147;27;1.4;2855;4234;65;3109;73.4;106.7;45.0;26;0.6;8;30.8;281;2982;;7;3;576;60.1;37.2;7;7;3;2;5495;548;10
Ochsenwerder;2788;529;19.0;514;18.4;197;7.1;430;15.5;121;23.3;1311;2.1;476;36.3;328;25.0;56;17.1;14.1;198;36;17;326;188;138;1151;63.0;34;1.9;;;;;65;2.3;15;3.4;37;8;1.6;760;1171;60;788;67.3;117.6;49.4;21;1.8;0;0.0;272;3032;;2;1;133;63.2;36.8;2;2;0;0;1595;572;5
Reitbrook;497;60;12.1;133;26.8;30;6.0;51;10.3;8;13.3;249;2.0;104;41.8;42;16.9;3;7.1;6.9;72;5;4;50;54;-4;;;;;;;;;10;2.0;0;0.0;6;0;0.0;148;232;1;152;65.5;120.0;56.0;0;0.0;0;0.0;263;;;0;0;15;66.7;26.7;0;0;2;0;291;586;0
Allermöhe;1367;218;15.9;272;19.9;165;12.1;329;23.9;69;31.8;688;2.0;293;42.6;128;18.6;27;21.1;8.6;158;17;10;130;126;4;586;63.6;26;2.8;;;10;4.4;31;2.3;13;7.5;17;4;1.5;460;602;8;506;84.1;114.6;50.5;0;0.0;0;0.0;265;3004;3262;2;0;73;52.1;45.2;0;0;1;0;777;568;1
Billwerder;3901;1156;29.6;314;8.0;2766;70.9;2895;74.7;1032;89.5;1357;2.7;421;31.0;497;36.6;81;16.3;9.5;412;84;9;537;522;15;762;29.4;333;12.9;29;4.7;20;7.1;2077;53.2;791;79.3;699;78;24.8;384;562;2;408;72.6;94.1;13.6;780;;0;0.0;274;;;5;1;332;79.8;16.0;0;0;0;0;624;160;1
Moorfleet;1235;196;15.9;204;16.5;199;16.1;325;26.2;69;34.3;604;1.9;279;46.2;108;17.9;19;17.6;4.4;282;9;9;150;177;-27;460;52.8;20;2.3;;;;;77;6.2;21;13.2;42;19;9.3;333;449;3;360;80.2;101.4;36.9;0;0.0;0;0.0;253;;;0;0;67;56.7;41.8;0;0;0;0;645;522;0
Tatenberg;552;99;17.9;108;19.6;33;6.0;64;11.7;12;12.1;250;2.2;88;35.2;63;25.2;7;11.1;3.1;180;4;4;25;31;-6;;;;;;;;;3;0.5;0;0.0;3;0;0.0;169;228;1;192;84.2;114.9;47.4;0;0.0;0;0.0;275;;;0;0;45;53.3;46.7;0;0;0;0;318;576;1
Spadenland;510;69;13.5;121;23.7;20;3.9;43;8.4;7;10.1;256;2.0;105;41.0;44;17.2;7;15.9;3.4;149;1;7;40;35;5;;;;;;;;;3;0.6;0;0.0;3;0;0.0;119;226;14;120;53.1;106.1;47.0;0;0.0;0;0.0;275;;;0;0;27;51.9;48.1;0;0;0;0;298;584;0
Neuallermöhe;23620;5456;23.1;2182;9.2;3990;16.9;15282;64.6;4314;79.0;9621;2.4;3005;31.2;3126;32.5;838;26.8;4.2;5618;279;86;1452;1845;-393;10101;59.7;907;5.4;56;1.7;133;3.9;3826;16.2;1309;29.1;1573;424;19.4;3194;9229;2;2505;27.1;80.3;31.4;4760;51.6;719;15.1;311;;;7;3;1845;56.6;41.4;16;10;8;2;7875;333;5
Harburg;25912;4080;15.7;2807;10.8;10381;40.1;15432;59.5;3321;81.7;14795;1.7;9069;61.3;2332;15.8;709;30.4;4.0;6493;337;174;5086;5018;68;10810;55.2;1305;6.7;136;3.4;196;8.8;4600;17.8;1322;37.7;2314;468;16.7;1594;12879;80;291;2.3;60.3;30.0;1093;8.5;244;22.3;336;2647;3566;16;1;1129;68.6;22.9;179;33;63;13;5032;194;39
Neuland und Gut Moor;1729;396;22.9;259;15.0;514;29.7;758;43.5;252;62.8;758;2.2;321;42.3;181;23.9;29;16.0;10.1;172;20;14;282;287;-5;621;54.2;54;4.7;;;;;260;15.0;108;33.2;89;8;3.1;437;573;6;474;82.7;103.0;34.1;0;0.0;0;0.0;561;;;0;1;121;63.6;26.4;0;0;0;0;702;406;6
Wilstorf;17506;3075;17.6;3308;18.9;4367;24.9;8056;46.0;2160;70.5;9460;1.9;4998;52.8;1800;19.0;461;25.6;3.4;5114;241;235;1927;1849;78;6968;60.4;644;5.6;58;3.1;91;4.6;2360;13.5;759;28.6;1113;199;6.0;2053;8713;24;1448;16.6;69.0;34.4;849;9.7;493;58.1;382;2739;2831;11;1;899;58.8;35.4;23;12;5;2;5574;318;3
Rönneburg;3430;690;20.1;583;17.0;714;20.8;1322;38.4;396;57.1;1571;2.1;621;39.5;358;22.8;71;19.8;2.2;1526;28;25;529;344;185;1323;58.2;92;4.0;13;3.0;15;3.1;269;7.8;98;17.0;115;16;2.7;782;1399;7;764;54.6;96.4;39.3;153;10.9;147;96.1;358;;;1;1;221;44.3;52.0;0;0;0;0;1457;425;2
Langenbek;4040;622;15.4;948;23.5;438;10.8;1319;32.7;296;47.7;2022;2.0;786;38.9;411;20.3;114;27.7;0.8;5091;27;40;312;300;12;1584;61.4;81;3.1;;;18;2.5;238;5.9;65;12.7;127;38;4.0;1195;1875;0;1129;60.2;86.9;40.3;290;15.5;198;68.3;344;2764;;1;0;188;45.2;46.3;0;0;0;1;1804;447;2
Sinstorf;4207;994;23.6;643;15.3;1052;25.0;1885;44.8;680;68.7;1769;2.2;690;39.0;464;26.2;97;20.9;2.5;1672;69;27;517;437;80;1594;58.6;108;4.0;10;1.9;;;623;14.8;250;29.7;244;21;3.3;883;1574;27;916;58.2;90.5;33.9;104;6.6;0;0.0;311;2642;2969;2;1;279;52.3;42.3;9;3;4;0;1561;371;6
Marmstorf;8929;1396;15.6;2519;28.2;1064;11.9;2511;28.2;627;45.6;4645;2.0;2012;43.3;856;18.4;193;22.5;5.8;1528;84;107;733;623;110;3222;61.2;145;2.8;13;1.5;38;3.3;465;5.2;130;11.4;234;75;3.0;2238;4285;12;2138;49.9;89.5;42.9;110;2.6;0;0.0;382;2971;2258;3;1;475;32.4;62.1;8;6;6;2;3854;432;11
Eißendorf;24679;4184;17.0;4956;20.1;4593;18.6;9800;39.7;2450;58.5;13117;1.9;6538;49.8;2532;19.3;616;24.3;8.3;2959;262;275;2538;2347;191;9624;59.4;734;4.5;57;2.0;125;4.2;2488;10.1;745;21.1;1234;294;5.9;4316;12262;143;3668;29.9;78.4;38.9;674;5.5;307;45.5;409;2840;3098;8;3;1321;47.8;44.9;14;10;9;2;8966;363;14
Heimfeld;22106;3801;17.2;3440;15.6;5428;24.6;9988;45.4;2394;63.4;12127;1.8;6760;55.7;2261;18.6;573;25.3;13.0;1700;292;249;3106;3105;1;9153;59.3;857;5.5;91;3.2;121;5.4;2541;11.5;731;22.7;1345;305;8.9;2488;10551;7;1541;14.6;71.5;34.1;1577;14.9;282;17.9;365;2933;3052;8;2;1138;48.4;35.6;27;8;12;3;6339;287;21
Moorburg und Altenwerder;754;159;21.1;109;14.5;82;10.9;152;20.1;39;24.5;391;2.0;195;49.9;84;21.5;28;33.3;16.7;45;7;5;66;66;0;;;;;;;;;81;10.7;34;25.8;34;7;6.4;226;328;0;242;73.8;99.4;43.2;0;0.0;0;0.0;263;;;1;0;49;57.1;28.6;0;0;0;0;379;503;1
Hausbruch;17067;3240;19.0;3432;20.1;2660;15.6;9218;54.0;2295;71.1;7765;2.2;2955;38.1;1888;24.3;455;24.1;9.8;1735;158;170;1344;1266;78;6499;59.1;692;6.3;61;3.0;130;5.2;2460;14.4;726;27.4;1099;418;12.2;2973;7211;12;2710;37.6;84.5;35.7;1148;15.9;146;12.7;273;2860;;9;1;1118;58.8;32.2;17;4;10;2;6230;365;7
Neugraben-Fischbek;30690;6168;20.1;6109;19.9;5517;18.0;14452;47.1;4006;65.3;14216;2.1;5626;39.6;3424;24.1;801;23.4;22.5;1363;383;290;3024;2279;745;11123;57.5;1276;6.6;127;3.8;189;4.9;4208;13.7;1279;24.5;1980;537;8.8;5968;13052;391;5503;42.2;86.0;36.6;819;6.3;258;31.5;298;2906;2639;15;5;1870;59.8;33.4;41;15;20;5;10827;353;16
Francop;709;104;14.7;130;18.3;85;12.0;119;16.9;13;12.7;352;2.0;148;42.0;64;18.2;15;23.4;8.8;80;8;5;60;57;3;;;;;;;;;26;3.7;7;8.1;12;3;2.3;204;342;1;250;73.1;97.8;47.2;0;0.0;0;0.0;263;;;0;0;37;56.8;40.5;1;0;0;0;371;523;1
Neuenfelde;4848;1068;22.0;729;15.0;1515;31.3;2388;49.5;697;65.9;2128;2.2;912;42.9;513;24.1;110;21.4;15.7;309;62;29;677;672;5;1723;53.4;186;5.8;17;2.8;25;4.7;704;14.5;268;30.1;273;32;4.4;1043;1958;13;1191;60.8;95.3;38.5;291;14.9;0;0.0;257;2355;;3;1;354;63.3;33.1;1;1;3;1;1924;397;2
Cranz;799;119;14.9;150;18.8;216;27.0;319;40.1;67;56.8;470;1.7;266;56.6;70;14.9;21;30.0;1.3;599;11;3;99;144;-45;;;;;;;;;84;10.5;24;25.0;44;7;4.7;168;403;5;144;35.7;87.2;44.0;0;0.0;0;0.0;266;;;1;1;37;40.5;51.4;2;2;0;0;352;441;0
